t,step,u_min,u_max,v_min,v_max,energy,max_grad,rms_grad
0.0,0,-1.0,1.0,-1.0,1.0,0.25,1.414213562373099,1.0000000000000002
0.009817477042468103,1,-0.9997555117084563,0.9997555117084566,-0.9997555117084563,0.9997555117084563,0.24990184213947578,1.4141402258651736,0.99982774797865
0.24604088320061204,25,-0.9950908470029446,0.995090847002937,-0.9950908470029435,0.9950908470029368,0.24752656433491865,1.5406508223886293,1.0105257300870423
0.3,31,-0.9940107027952991,0.9940107027952878,-0.994010702795299,0.9940107027952879,0.24697200855770785,1.6089105291417531,1.0173037265401572
