t,step,u_min,u_max,v_min,v_max,energy,max_grad,rms_grad
0.0,0,-1.25,1.25,-1.459191958873648,1.459191958873648,0.5912499999999998,1.8853140037472882,1.1280514172678475
0.003994275831718908,1,-1.2499881340849122,1.2499881056221398,-1.4591910396777066,1.4591338850065283,0.5912449103839507,1.8866918836071145,1.1280557731001837
0.0998658550909621,25,-1.2499176006493902,1.2499127346223668,-1.4589536009937538,1.4589377467704914,0.591122262245396,1.9710704882211965,1.1345076961890015
0.19974654899695446,50,-1.24986760565724,1.2498547261981592,-1.4588391396746758,1.4588679357387855,0.5909914187962161,2.1799049154184336,1.1550518677474986
0.25,63,-1.249840841386205,1.249825208856799,-1.4587830741455632,1.4587204137503536,0.5909232988853779,2.3462173989004356,1.1715523539940151
