t,step,u_min,u_max,v_min,v_max,energy,max_grad,rms_grad
0.0,0,-1.0,1.0,-1.0,1.0,0.25,1.4142135623730994,1.0
0.019634954084936207,1,-0.999414919497831,0.9994149194978311,-0.9994149194978307,0.9994149194978309,0.2498037086403538,1.4144751508155458,0.9997036327074248
0.3,16,-0.9940107052516867,0.9940107052516811,-0.9940107052516866,0.9940107052516816,0.24697192835064663,1.608908190049337,1.017303521229364
