t,step,u_min,u_max,v_min,v_max,energy,max_grad,rms_grad
0.0,0,-1.0,1.0,-1.0,1.0,0.25,1.4142135623730963,1.0
0.004908738521234052,1,-0.9998897860536808,0.9998897860536808,-0.9998897860536804,0.9998897860536804,0.24995091713801226,1.4141258248832718,0.9999078517024689
0.12286623095346792,25,-0.9975456652405691,0.997545665240568,-0.9975456652405699,0.997545665240569,0.24877126381960715,1.4429193209180968,1.0013210699681796
0.24603514069657284,50,-0.9950909578668964,0.9950909578668925,-0.9950909578668963,0.9950909578668917,0.24752663902206512,1.54064485308138,1.0105251409514473
0.3,61,-0.9940107027907503,0.9940107027907423,-0.9940107027907494,0.9940107027907409,0.24697202858447143,1.6089111126645839,1.0173037777838665
