dimension,N,nu,T,steps,err_u_rel_l2,v_rms,w_rms,energy,max_grad
3D,24,0.05,0.35,9,5.3492934300236267e-05,0.0,0.0,0.2411396029278427,1.4771006653647678
3D,32,0.05,0.35,12,8.15317789428883e-06,0.0,0.0,0.2411404252540053,1.4776830276674944
3D,48,0.05,0.35,18,1.856021285091174e-06,0.0,0.0,0.24114101452802,1.4778082040405611
