N,nu,T,steps,err_u_rel_l2,max_abs_v,max_y_variation_u,eps4,filter_strength
64,0.05,0.5,26,4.107086635810889e-06,0.0,2.220446049250313e-16,0.0,0.0
128,0.05,0.5,51,1.0271861098699301e-06,0.0,4.440892098500626e-16,0.0,0.0
256,0.05,0.5,101,2.592855137212122e-07,0.0,4.440892098500626e-16,0.0,0.0
