{
  "config": {
    "nx": 512,
    "ny": 512,
    "lx": 6.283185307179586,
    "ly": 6.283185307179586,
    "nu": 0.01,
    "t_final": 0.3,
    "cfl": 0.2,
    "eps4": 0.0,
    "filter_strength": 0.0,
    "filter_order": 8,
    "max_steps": 200000
  },
  "t": 0.3,
  "step": 122,
  "elapsed_sec": 64.9436604976654,
  "final_stats": {
    "u_min": -0.9940107028296988,
    "u_max": 0.9940107028296593,
    "v_min": -0.9940107028297006,
    "v_max": 0.9940107028296606,
    "energy": 0.24697203367722398,
    "max_grad": 1.608911261784448,
    "rms_grad": 1.017303790815118
  }
}