{
  "config": {
    "nx": 128,
    "ny": 128,
    "lx": 6.283185307179586,
    "ly": 6.283185307179586,
    "nu": 0.01,
    "t_final": 0.3,
    "cfl": 0.2,
    "eps4": 0.0,
    "filter_strength": 0.0,
    "filter_order": 8,
    "max_steps": 200000
  },
  "t": 0.3,
  "step": 31,
  "elapsed_sec": 0.5298054218292236,
  "final_stats": {
    "u_min": -0.9940107027952991,
    "u_max": 0.9940107027952878,
    "v_min": -0.994010702795299,
    "v_max": 0.9940107027952879,
    "energy": 0.24697200855770785,
    "max_grad": 1.6089105291417531,
    "rms_grad": 1.0173037265401572
  }
}