{
  "config": {
    "nx": 192,
    "ny": 192,
    "lx": 6.283185307179586,
    "ly": 6.283185307179586,
    "nu": 0.005,
    "t_final": 0.25,
    "cfl": 0.2,
    "eps4": 1e-06,
    "filter_strength": 12.0,
    "filter_order": 8,
    "max_steps": 200000
  },
  "t": 0.25,
  "step": 63,
  "elapsed_sec": 2.2446091175079346,
  "final_stats": {
    "u_min": -1.2492174183122327,
    "u_max": 1.249142824779061,
    "v_min": -1.456961949281617,
    "v_max": 1.4568235861915995,
    "energy": 0.5896209649472354,
    "max_grad": 2.337292174587259,
    "rms_grad": 1.1696050700970244
  }
}