{
  "config": {
    "nx": 256,
    "ny": 256,
    "lx": 6.283185307179586,
    "ly": 6.283185307179586,
    "nu": 0.001,
    "t_final": 0.3,
    "cfl": 0.2,
    "eps4": 2e-06,
    "filter_strength": 18.0,
    "filter_order": 8,
    "max_steps": 200000
  },
  "t": 0.3,
  "step": 101,
  "elapsed_sec": 8.77669882774353,
  "final_stats": {
    "u_min": -1.2498085679100208,
    "u_max": 1.24978102350081,
    "v_min": -1.4586980570025374,
    "v_max": 1.4586109227638127,
    "energy": 0.5908526297723803,
    "max_grad": 2.5673451424731124,
    "rms_grad": 1.1928758967430342
  }
}