{
  "config": {
    "nx": 192,
    "ny": 192,
    "lx": 6.283185307179586,
    "ly": 6.283185307179586,
    "nu": 0.001,
    "t_final": 0.25,
    "cfl": 0.2,
    "eps4": 1e-06,
    "filter_strength": 12.0,
    "filter_order": 8,
    "max_steps": 200000
  },
  "t": 0.25,
  "step": 63,
  "elapsed_sec": 2.195423126220703,
  "final_stats": {
    "u_min": -1.249840841386205,
    "u_max": 1.249825208856799,
    "v_min": -1.4587830741455632,
    "v_max": 1.4587204137503536,
    "energy": 0.5909232988853779,
    "max_grad": 2.3462173989004356,
    "rms_grad": 1.1715523539940151
  }
}