{
  "config": {
    "nx": 64,
    "ny": 64,
    "lx": 6.283185307179586,
    "ly": 6.283185307179586,
    "nu": 0.01,
    "t_final": 0.3,
    "cfl": 0.2,
    "eps4": 0.0,
    "filter_strength": 0.0,
    "filter_order": 8,
    "max_steps": 200000
  },
  "t": 0.3,
  "step": 16,
  "elapsed_sec": 0.06707167625427246,
  "final_stats": {
    "u_min": -0.9940107052516867,
    "u_max": 0.9940107052516811,
    "v_min": -0.9940107052516866,
    "v_max": 0.9940107052516816,
    "energy": 0.24697192835064663,
    "max_grad": 1.608908190049337,
    "rms_grad": 1.017303521229364
  }
}