{
  "config": {
    "nx": 256,
    "ny": 256,
    "lx": 6.283185307179586,
    "ly": 6.283185307179586,
    "nu": 0.01,
    "t_final": 0.3,
    "cfl": 0.2,
    "eps4": 0.0,
    "filter_strength": 0.0,
    "filter_order": 8,
    "max_steps": 200000
  },
  "t": 0.3,
  "step": 61,
  "elapsed_sec": 5.842733383178711,
  "final_stats": {
    "u_min": -0.9940107027907503,
    "u_max": 0.9940107027907423,
    "v_min": -0.9940107027907494,
    "v_max": 0.9940107027907409,
    "energy": 0.24697202858447143,
    "max_grad": 1.6089111126645839,
    "rms_grad": 1.0173037777838665
  }
}