{
  "config": {
    "nx": 48,
    "ny": 48,
    "nz": 48,
    "lx": 6.283185307179586,
    "ly": 6.283185307179586,
    "lz": 6.283185307179586,
    "nu": 0.001,
    "t_final": 0.15,
    "cfl": 0.15,
    "eps4": 1e-06,
    "filter_strength": 14.0,
    "filter_order": 8,
    "max_steps": 200000
  },
  "t": 0.15,
  "step": 16,
  "elapsed_sec": 5.78850531578064,
  "final_stats": {
    "u_min": -1.5445444110968523,
    "u_max": 1.5444904515871256,
    "v_min": -1.4983573607472342,
    "v_max": 1.3176928205819878,
    "w_min": -0.8993891126368512,
    "w_max": 0.899212875336076,
    "energy": 0.66102541985256,
    "max_grad": 2.1579641046989204,
    "rms_grad": 1.2010117625125745
  }
}