{
  "config": {
    "nx": 192,
    "ny": 192,
    "lx": 6.283185307179586,
    "ly": 6.283185307179586,
    "nu": 0.01,
    "t_final": 0.25,
    "cfl": 0.2,
    "eps4": 1e-06,
    "filter_strength": 12.0,
    "filter_order": 8,
    "max_steps": 200000
  },
  "t": 0.25,
  "step": 63,
  "elapsed_sec": 4.733100891113281,
  "final_stats": {
    "u_min": -1.2484342926065148,
    "u_max": 1.2482868997678673,
    "v_min": -1.4546865401799645,
    "v_max": 1.454458537243651,
    "energy": 0.5879985973780574,
    "max_grad": 2.3262907790796157,
    "rms_grad": 1.1671861354051012
  }
}